,precision,recall,f1-score,support
1.0,0.603889736325997,0.6170674682698731,0.6104074889867842,17964.0
2.0,0.07119948685054522,0.20255474452554745,0.10536307546274325,1096.0
3.0,0.25807011454356127,0.44607769611519427,0.3269748776867682,6667.0
4.0,0.5074066122799484,0.2849822149876409,0.3649770296876809,16587.0
accuracy,0.44921302642151534,0.44921302642151534,0.44921302642151534,0.44921302642151534
macro avg,0.36014148750001296,0.38767053097456394,0.3519306179559941,42314.0
weighted avg,0.4977836364441517,0.44921302642151534,0.45646012109072653,42314.0
