,precision,recall,f1-score,support
0.0,0.5773192070582155,0.820514165792235,0.6777611649223169,19060.0
1.0,0.775303776683087,0.507611593704309,0.6135294576262378,23254.0
accuracy,0.6485560334641017,0.6485560334641017,0.6485560334641017,0.6485560334641017
macro avg,0.6763114918706512,0.6640628797482719,0.6456453112742773,42314.0
weighted avg,0.686123224216999,0.6485560334641017,0.6424621120919765,42314.0
