,precision,recall,f1-score,support
1.0,0.6679704906669307,0.751002004008016,0.7070569429522287,17964.0
2.0,0.11287223823246878,0.21441605839416059,0.14789175582127123,1096.0
3.0,0.3191005098324836,0.5257237138143093,0.39714463769758085,6667.0
4.0,0.6078886310904872,0.3317055525411467,0.4292066463842733,16587.0
accuracy,0.5372453561469017,0.5372453561469017,0.5372453561469017,0.5372453561469017
macro avg,0.4269579674555926,0.45571183218940814,0.4203249957138385,42314.0
weighted avg,0.5750725927682234,0.5372453561469017,0.5348271075927509,42314.0
