,precision,recall,f1-score,support
1.0,0.5749865374259558,0.7132598530394122,0.6367024448419797,17964.0
2.0,0.14416475972540047,0.05748175182481752,0.0821917808219178,1096.0
3.0,0.3352820350766314,0.3182840857957102,0.32656201908279475,6667.0
4.0,0.510102533172497,0.4079098088864774,0.4533181467957523,16587.0
accuracy,0.5143451339982039,0.5143451339982039,0.5143451339982039,0.5143451339982039
macro avg,0.3911339663501212,0.3742338748866043,0.37469359788561113,42314.0
weighted avg,0.500625296132888,0.5143451339982039,0.5015877013056738,42314.0
