,precision,recall,f1-score,support
0.0,0.5149691212890686,0.8618572927597062,0.6447143782256324,19060.0
1.0,0.7471915506481037,0.3346521028640234,0.46226499153524014,23254.0
accuracy,0.57212742827433,0.57212742827433,0.57212742827433,0.57212742827433
macro avg,0.6310803359685861,0.5982546978118648,0.5534896848804363,42314.0
weighted avg,0.6425888304235159,0.57212742827433,0.5444478461535432,42314.0
