,precision,recall,f1-score,support
1.0,0.6165245110709054,0.7967045201514139,0.6951284666569527,17964.0
2.0,0.2139917695473251,0.0948905109489051,0.13147914032869784,1096.0
3.0,0.37986598596043397,0.35713214339283034,0.36814843448009277,6667.0
4.0,0.5681192289000486,0.4228612769035992,0.48484429544119173,16587.0
accuracy,0.5627215578768257,0.5627215578768257,0.5627215578768257,0.5627215578768257
macro avg,0.44462537386967826,0.4178971128491872,0.41990008422673375,42314.0
weighted avg,0.5498355502780389,0.5627215578768257,0.5465790720326034,42314.0
