,precision,recall,f1-score,support
1.0,0.5755309602153754,0.5355154753952349,0.5548026182992589,17964.0
2.0,0.06420733130982956,0.5018248175182481,0.11384806458290209,1096.0
3.0,0.22979888135189813,0.2896355182240888,0.2562707365627073,6667.0
4.0,0.4707995365005794,0.24495086513534695,0.3222429313558314,16587.0
accuracy,0.3820012289076901,0.3820012289076901,0.3820012289076901,0.3820012289076901
macro avg,0.33508417734442064,0.39298166906822973,0.31179108770017494,42314.0
weighted avg,0.46675876679899775,0.3820012289076901,0.40518155260607586,42314.0
