,precision,recall,f1-score,support
0.0,0.5639453886876568,0.8495278069254985,0.6778866281503809,19060.0
1.0,0.7891486546096163,0.46159800464436224,0.5824831777729542,23254.0
accuracy,0.6363378550834239,0.6363378550834239,0.6363378550834239,0.6363378550834239
macro avg,0.6765470216486364,0.6555629057849304,0.6301849029616675,42314.0
weighted avg,0.6877076599394705,0.6363378550834239,0.6254568924818863,42314.0
