,precision,recall,f1-score,support
0.0,0.5767476137001685,0.862277019937041,0.6911851291109429,19060.0
1.0,0.8100303951367781,0.4813365442504515,0.6038519637462236,23254.0
accuracy,0.6529281089001276,0.6529281089001276,0.6529281089001276,0.6529281089001276
macro avg,0.6933890044184733,0.6718067820937462,0.6475185464285833,42314.0
weighted avg,0.7049500478715283,0.6529281089001276,0.6431904836651996,42314.0
