,precision,recall,f1-score,support
1.0,0.637928052576963,0.821309285237141,0.7180959797527499,17964.0
2.0,0.21862348178137653,0.09854014598540146,0.1358490566037736,1096.0
3.0,0.3974882260596546,0.37978101094945255,0.3884329216844366,6667.0
4.0,0.590650868365525,0.43877735576053534,0.5035110173302432,16587.0
accuracy,0.5830694332844921,0.5830694332844921,0.5830694332844921,0.5830694332844921
macro avg,0.46117265719587974,0.4346019494831326,0.4364722438428008,42314.0
weighted avg,0.5706511043447472,0.5830694332844921,0.566956238588718,42314.0
