,precision,recall,f1-score,support
1.0,0.6761242466388503,0.8118459140503229,0.7377953154246978,17964.0
2.0,0.2777777777777778,0.03193430656934307,0.05728314238952538,1096.0
3.0,0.474692772339096,0.34183290835458224,0.3974537844436693,6667.0
4.0,0.6015679332363912,0.5736420088020739,0.5872731761510924,16587.0
accuracy,0.6242142080635251,0.6242142080635251,0.6242142080635251,0.6242142080635251
macro avg,0.5075406824980289,0.43981378444408054,0.4449513546022462,42314.0
weighted avg,0.6048429463733404,0.6242142080635251,0.6075403394633526,42314.0
