,precision,recall,f1-score,support
1.0,0.6479499508815469,0.6976174571364953,0.6718670419514811,17964.0
2.0,0.0938501894491402,0.5875912408759124,0.16184971098265896,1096.0
3.0,0.2758751421711108,0.3274336283185841,0.29945130315500684,6667.0
4.0,0.5523298365454989,0.2729848676674504,0.36538228767399633,16587.0
accuracy,0.46998629295268707,0.46998629295268707,0.46998629295268707,0.46998629295268707
macro avg,0.3925012797618242,0.4714067984996106,0.3746375859407858,42314.0
weighted avg,0.5374908374747686,0.46998629295268707,0.47983751639259836,42314.0
