,precision,recall,f1-score,support
0.0,0.5907572383073497,0.8349947534102833,0.6919565217391306,19060.0
1.0,0.7954338493560557,0.5258880192655027,0.6331676504090296,23254.0
accuracy,0.6651226544406107,0.6651226544406107,0.6651226544406107,0.6651226544406107
macro avg,0.6930955438317027,0.680441386337893,0.6625620860740801,42314.0
weighted avg,0.7032389208078603,0.6651226544406107,0.6596486233152007,42314.0
