,precision,recall,f1-score,support
1.0,0.7661960565170466,0.8650522669635677,0.8126287409318446,161670.0
2.0,0.9421493382751447,1.0,0.9702130724014079,161670.0
3.0,0.7670051811380342,0.9404032906538009,0.8448993995370796,161670.0
4.0,0.876387342979806,0.5113750231953981,0.6458780101951135,161670.0
accuracy,0.8292076452031917,0.8292076452031917,0.8292076452031917,0.8292076452031917
macro avg,0.8379344797275079,0.8292076452031917,0.8184048057663613,646680.0
weighted avg,0.8379344797275079,0.8292076452031917,0.8184048057663613,646680.0
