,precision,recall,f1-score,support
1.0,0.6463559389095513,0.8276421116627825,0.7258508842086555,9869.0
2.0,0.6418761337133972,0.7529638261222008,0.6929963629581274,9869.0
3.0,0.6230670852226485,0.5430134765427095,0.5802923659989172,9869.0
4.0,0.6941900615523194,0.46853784577971425,0.5594676346037507,9869.0
accuracy,0.6480393150268517,0.6480393150268517,0.6480393150268517,0.6480393150268517
macro avg,0.6513723048494792,0.6480393150268517,0.6396518119423628,39476.0
weighted avg,0.6513723048494791,0.6480393150268517,0.6396518119423628,39476.0
