,precision,recall,f1-score,support
0.0,0.7495254399977078,0.9999474395913667,0.8568135618202253,209283.0
1.0,0.999921067738232,0.6658400347854341,0.799379307773281,209283.0
accuracy,0.8328937371884004,0.8328937371884004,0.8328937371884004,0.8328937371884004
macro avg,0.8747232538679699,0.8328937371884004,0.8280964347967532,418566.0
weighted avg,0.8747232538679699,0.8328937371884004,0.8280964347967531,418566.0
