,precision,recall,f1-score,support
1.0,0.6231094008871787,0.6490202627477176,0.6358009543285617,17964.0
2.0,0.0824686699905673,0.5583941605839416,0.1437125748502994,1096.0
3.0,0.25808457711442784,0.3112344382780861,0.28217855442986334,6667.0
4.0,0.5342667649226235,0.26225357207451616,0.3518136600752153,16587.0
accuracy,0.44183958028075815,0.44183958028075815,0.44183958028075815,0.44183958028075815
macro avg,0.3744823532286994,0.4452256084210654,0.35337643592098494,42314.0
weighted avg,0.5167664518892183,0.44183958028075815,0.45601585592583316,42314.0
