,precision,recall,f1-score,support
1.0,0.6638176638176638,0.8499341371972844,0.7454343479226839,9869.0
2.0,0.6590611067400997,0.7639071841118654,0.7076215505913271,9869.0
3.0,0.6313253012048192,0.5575032931401358,0.5921222557038313,9869.0
4.0,0.705504038288962,0.477961292937481,0.5698580489278163,9869.0
accuracy,0.6623264768466917,0.6623264768466917,0.6623264768466917,0.6623264768466917
macro avg,0.6649270275128862,0.6623264768466917,0.6537590507864147,39476.0
weighted avg,0.6649270275128862,0.6623264768466917,0.6537590507864148,39476.0
