,precision,recall,f1-score,support
1.0,0.6491342534504392,0.7199955466488532,0.6827311356858191,17964.0
2.0,0.1103082851637765,0.20894160583941607,0.14438839848675913,1096.0
3.0,0.30139773531493275,0.5110244487775611,0.3791664348116409,6667.0
4.0,0.5786435786435786,0.31428226924700065,0.4073292701984685,16587.0
accuracy,0.5147941579619039,0.5147941579619039,0.5147941579619039,0.5147941579619039
macro avg,0.4098709631431818,0.43856096762820773,0.4034038097956719,42314.0
weighted avg,0.552756188255161,0.5147941579619039,0.5130005443085681,42314.0
