,precision,recall,f1-score,support
0.0,0.7583049496340315,0.9999713306862,0.8625302155738229,209283.0
1.0,0.9999579201324114,0.6812784602667202,0.8104152397625254,209283.0
accuracy,0.8406248954764601,0.8406248954764601,0.8406248954764601,0.8406248954764601
macro avg,0.8791314348832214,0.8406248954764601,0.8364727276681742,418566.0
weighted avg,0.8791314348832214,0.8406248954764601,0.836472727668174,418566.0
