,precision,recall,f1-score,support
0.0,0.545502150738732,0.7651626442812172,0.6369254285402337,19060.0
1.0,0.7126901598305411,0.4774662423669046,0.5718332346200397,23254.0
accuracy,0.6070567660821478,0.6070567660821478,0.6070567660821478,0.6070567660821478
macro avg,0.6290961552846366,0.6213144433240609,0.6043793315801367,42314.0
weighted avg,0.6373816696549519,0.6070567660821478,0.6011534883450219,42314.0
